TankNum,treatment,ExptDay,Month,Day,Snail
5,11,38,February,27,0
9,12,29,February,18,0
9,12,37,February,26,0
9,12,38,February,27,0
9,12,39,February,28,0
15,8,19,February,8,0
15,8,20,February,9,0
15,8,22,February,11,0
15,8,23,February,12,0
15,8,29,February,18,0
15,8,30,February,19,0
15,8,31,February,20,0
15,8,32,February,21,0
15,8,33,February,22,0
15,8,34,February,23,0
15,8,35,February,24,0
15,8,36,February,25,0
15,8,37,February,26,0
15,8,38,February,27,0
15,8,39,February,28,0
18,7,31,February,21,0
18,7,32,February,22,0
18,7,34,February,24,0
18,7,35,February,25,0
18,7,39,March,1,0
23,11,38,March,3,0
23,11,40,March,5,0
34,7,33,February,26,0
34,7,38,March,3,0
34,7,40,March,5,0
39,8,30,February,23,0
39,8,32,February,25,0
39,8,34,February,27,0
39,8,35,February,28,0
39,8,36,March,1,0
39,8,37,March,2,0
39,8,38,March,3,0
39,8,40,March,5,0
40,8,34,February,27,0
40,8,37,March,2,0
40,8,38,March,3,0
40,8,40,March,5,0
83,11,38,March,11,0
83,11,39,March,12,1
83,11,40,March,13,1
85,8,30,March,3,0
85,8,32,March,5,0
85,8,33,March,6,0
85,8,34,March,7,0
85,8,35,March,8,0
85,8,38,March,11,0
85,8,39,March,12,0
85,8,40,March,13,0
86,7,33,March,6,0
86,7,34,March,7,0
86,7,35,March,8,0
87,11,28,March ,1,0
87,11,29,March,2,0
87,11,30,March,3,0
87,11,32,March,5,0
87,11,33,March,6,0
87,11,34,March,7,0
87,11,35,March,8,0
87,11,38,March,11,0
87,11,39,March,12,0
87,11,40,March,13,0
116,12,36,March,11,0
116,12,37,March,12,0
121,11,26,March,2,0
121,11,27,March,3,0
121,11,29,March,5,0
129,8,37,March,13,0
129,8,39,March,15,0
132,7,29,March,5,0
132,7,30,March,6,0
132,7,32,March,8,0
132,7,35,March,11,0
132,7,36,March,12,0
132,7,37,March,13,0
132,7,38,March,14,0
132,7,39,March,15,0
5,11,39,February,28,1
9,12,18,February,7,1
9,12,19,February,8,1
9,12,20,February,9,1
9,12,21,February,10,1
9,12,23,February,12,1
9,12,24,February,13,1
9,12,25,February,14,1
9,12,26,February,15,1
9,12,27,February,16,1
9,12,28,February,17,1
9,12,30,February,19,1
9,12,31,February,20,1
9,12,32,February,21,1
9,12,33,February,22,1
9,12,34,February,23,1
9,12,35,February,24,1
10,11,30,February,19,1
10,11,31,February,20,1
10,11,32,February,21,1
10,11,33,February,22,1
10,11,37,February,26,1
10,11,38,February,27,1
15,8,18,February,7,1
15,8,21,February,10,1
15,8,24,February,13,1
15,8,25,February,14,1
15,8,26,February,15,1
15,8,27,February,16,1
15,8,28,February,17,1
18,7,16,February,6,1
18,7,22,February,12,1
18,7,23,February,13,1
18,7,24,February,14,1
18,7,25,February,15,1
18,7,26,February,16,1
18,7,27,February,17,1
18,7,30,February,20,1
18,7,36,February,26,1
18,7,37,February,27,1
23,11,19,February,12,1
23,11,34,February,27,1
23,11,37,March,2,1
24,7,31,February,24,1
24,7,33,February,26,1
24,7,40,March,5,1
28,12,26,February,19,1
28,12,27,February,20,1
28,12,28,February,21,1
28,12,29,February,22,1
28,12,31,February,24,1
28,12,33,February,26,1
28,12,34,February,27,1
28,12,36,March,1,1
28,12,37,March,2,1
28,12,38,March,3,1
28,12,40,March,5,1
34,7,16,February,9,1
34,7,17,February,10,1
34,7,19,February,12,1
34,7,20,February,13,1
34,7,21,February,14,1
34,7,22,February,15,1
34,7,23,February,16,1
34,7,24,February,17,1
34,7,25,February,18,1
34,7,26,February,19,1
34,7,27,February,20,1
34,7,28,February,21,1
34,7,29,February,22,1
34,7,31,February,24,1
34,7,34,February,27,1
34,7,36,March,1,1
34,7,37,March,2,1
37,12,38,March,3,1
37,12,40,March,5,2
40,8,24,February,17,1
40,8,26,February,19,1
40,8,27,February,20,1
40,8,28,February,21,1
40,8,29,February,22,1
40,8,31,February,24,1
40,8,33,February,26,1
40,8,36,March,1,1
44,11,24,February,20,1
44,11,25,February,21,1
44,11,26,February,22,1
44,11,28,February,24,1
67,12,29,February,27,1
67,12,31,March ,1,1
67,12,32,March ,2,1
67,12,33,March,3,1
67,12,36,March,6,1
67,12,37,March,7,1
67,12,38,March,8,1
67,12,39,March,9,1
76,8,38,March,8,1
76,8,39,March,9,1
77,8,26,February,24,1
77,8,35,March,5,1
77,8,36,March,6,1
77,8,37,March,7,1
77,8,38,March,8,1
77,8,39,March,9,1
84,11,38,March,11,1
85,8,12,February,13,1
85,8,20,February,21,1
85,8,21,February,22,1
85,8,25,February,26,1
85,8,26,February,27,1
85,8,28,March ,1,1
85,8,29,March,2,1
86,7,25,February,26,1
86,7,26,February,27,1
86,7,28,March ,1,1
86,7,29,March,2,1
86,7,32,March,5,1
86,7,38,March,11,1
86,7,39,March,12,1
86,7,40,March,13,1
87,11,19,February,20,1
87,11,20,February,21,1
87,11,21,February,22,1
87,11,22,February,23,1
87,11,23,February,24,1
87,11,26,February,27,1
90,12,23,February,24,1
90,12,26,February,27,1
90,12,30,March,3,1
90,12,32,March,5,1
90,12,33,March,6,1
90,12,34,March,7,1
90,12,35,March,8,1
90,12,38,March,11,1
90,12,39,March,12,1
90,12,40,March,13,1
91,8,28,March ,1,1
115,7,31,March,6,1
115,7,33,March,8,1
115,7,36,March,11,1
115,7,37,March,12,1
115,7,38,March,13,1
115,7,39,March,14,1
116,12,30,March,5,1
116,12,31,March,6,1
116,12,33,March,8,1
116,12,38,March,13,1
116,12,39,March,14,1
121,11,30,March,6,1
121,11,32,March,8,1
121,11,35,March,11,1
121,11,36,March,12,1
121,11,37,March,13,1
121,11,38,March,14,1
121,11,39,March,15,1
129,8,35,March,11,1
129,8,36,March,12,1
129,8,38,March,14,1
132,7,23,February,27,1
132,7,25,March,1,1
132,7,26,March,2,1
5,11,17,February,6,2
5,11,18,February,7,2
5,11,19,February,8,2
5,11,20,February,9,2
5,11,21,February,10,2
5,11,23,February,12,2
5,11,24,February,13,2
5,11,25,February,14,2
5,11,26,February,15,2
5,11,27,February,16,2
5,11,28,February,17,2
5,11,29,February,18,2
5,11,30,February,19,2
5,11,31,February,20,2
5,11,32,February,21,2
5,11,33,February,22,2
5,11,35,February,24,2
5,11,36,February,25,2
5,11,37,February,26,2
9,12,17,February,6,2
10,11,17,February,6,2
10,11,23,February,12,2
10,11,24,February,13,2
10,11,25,February,14,2
10,11,26,February,15,2
10,11,27,February,16,2
10,11,28,February,17,2
10,11,29,February,18,2
15,8,17,February,6,2
18,7,17,February,7,2
18,7,18,February,8,2
18,7,19,February,9,2
18,7,20,February,10,2
18,7,29,February,19,2
23,11,9,February,2,2
23,11,10,February,3,2
23,11,12,February,5,2
23,11,13,February,6,2
23,11,14,February,7,2
23,11,15,February,8,2
23,11,16,February,9,2
23,11,17,February,10,2
23,11,20,February,13,2
23,11,21,February,14,2
23,11,22,February,15,2
23,11,24,February,17,2
23,11,25,February,18,2
23,11,26,February,19,2
23,11,27,February,20,2
23,11,28,February,21,2
23,11,29,February,22,2
23,11,31,February,24,2
23,11,33,February,26,2
24,7,38,March,3,2
28,12,20,February,13,2
28,12,21,February,14,2
28,12,22,February,15,2
28,12,23,February,16,2
28,12,24,February,17,2
28,12,25,February,18,2
34,7,8,February,1,2
34,7,9,February,2,2
34,7,10,February,3,2
34,7,12,February,5,2
34,7,13,February,6,2
34,7,14,February,7,2
34,7,15,February,8,2
37,12,8,February,1,2
37,12,12,February,5,2
37,12,13,February,6,2
37,12,14,February,7,2
37,12,15,February,8,2
37,12,16,February,9,2
37,12,17,February,10,2
37,12,19,February,12,2
37,12,20,February,13,2
37,12,21,February,14,2
37,12,22,February,15,2
37,12,23,February,16,2
37,12,24,February,17,2
37,12,25,February,18,2
37,12,26,February,19,2
37,12,27,February,20,2
37,12,28,February,21,2
37,12,29,February,22,2
37,12,31,February,24,2
37,12,33,February,26,2
37,12,34,February,27,2
37,12,36,March,1,2
37,12,37,March,2,2
39,8,17,February,10,2
39,8,19,February,12,2
39,8,20,February,13,2
39,8,21,February,14,2
39,8,22,February,15,2
39,8,23,February,16,2
39,8,24,February,17,2
39,8,25,February,18,2
39,8,26,February,19,2
39,8,27,February,20,2
39,8,28,February,21,2
39,8,29,February,22,2
40,8,20,February,13,2
40,8,22,February,15,2
40,8,23,February,16,2
40,8,25,February,18,2
44,11,20,February,16,2
44,11,21,February,17,2
44,11,22,February,18,2
44,11,30,February,26,2
44,11,31,February,27,2
44,11,33,March,1,2
44,11,34,March,2,2
44,11,35,March,3,2
44,11,37,March,5,2
44,11,38,March,6,2
44,11,39,March,7,2
56,12,5,February,1,2
56,12,6,February,2,2
56,12,7,February,3,2
56,12,22,February,18,2
56,12,23,February,19,2
56,12,24,February,20,2
56,12,25,February,21,2
56,12,26,February,22,2
56,12,28,February,24,2
56,12,29,February,25,2
56,12,30,February,26,2
56,12,31,February,27,2
56,12,33,March,1,2
56,12,34,March,2,2
56,12,35,March,3,2
56,12,37,March,5,2
56,12,38,March,6,2
56,12,39,March,7,2
59,7,21,February,17,2
64,7,36,March,6,2
64,7,37,March,7,2
64,7,38,March,8,2
64,7,39,March,9,2
67,12,11,February,9,2
67,12,12,February,10,2
67,12,14,February,12,2
67,12,15,February,13,2
67,12,16,February,14,2
67,12,17,February,15,2
67,12,18,February,16,2
67,12,19,February,17,2
67,12,20,February,18,2
67,12,21,February,19,2
67,12,24,February,22,2
67,12,25,February,23,2
67,12,26,February,24,2
67,12,28,February,26,2
76,8,18,February,16,2
76,8,19,February,17,2
76,8,20,February,18,2
76,8,21,February,19,2
76,8,22,February,20,2
76,8,23,February,21,2
76,8,24,February,22,2
76,8,26,February,24,2
76,8,28,February,26,2
76,8,29,February,27,2
76,8,31,March ,1,2
76,8,32,March,2,2
76,8,33,March,3,2
76,8,36,March,6,2
76,8,37,March,7,2
77,8,9,February,7,2
77,8,10,February,8,2
77,8,12,February,10,2
77,8,21,February,19,2
77,8,22,February,20,2
77,8,23,February,21,2
77,8,24,February,22,2
77,8,28,February,26,2
77,8,29,February,27,2
77,8,31,March ,1,2
77,8,32,March,2,2
77,8,33,March,3,2
83,11,16,February,17,2
83,11,17,February,18,2
83,11,18,February,19,2
83,11,19,February,20,2
83,11,20,February,21,2
83,11,21,February,22,2
83,11,23,February,24,2
83,11,25,February,26,2
83,11,26,February,27,2
83,11,28,March,1,2
83,11,29,March,2,2
83,11,30,March,3,2
83,11,32,March,5,2
83,11,33,March,6,2
83,11,34,March,7,2
83,11,35,March,8,2
84,11,20,February,21,2
84,11,21,February,22,2
84,11,23,February,24,2
84,11,25,February,26,2
84,11,26,February,27,2
84,11,28,March ,1,2
84,11,29,March,2,2
84,11,30,March,3,2
84,11,31,March,4,2
84,11,32,March,5,2
84,11,33,March,6,2
84,11,34,March,7,2
84,11,35,March,8,2
84,11,39,March,12,2
84,11,40,March,13,3
85,8,13,February,14,2
85,8,16,February,17,2
85,8,17,February,18,2
85,8,18,February,19,2
86,7,30,March,3,2
87,11,6,February,7,2
87,11,16,February,17,2
87,11,17,February,18,2
87,11,18,February,19,2
90,12,14,February,15,2
90,12,15,February,16,2
90,12,19,February,20,2
90,12,20,February,21,2
90,12,21,February,22,2
90,12,28,March ,1,2
90,12,29,March,2,2
91,8,26,February,27,2
102,8,32,March,5,2
102,8,33,March,6,2
102,8,34,March,7,2
102,8,35,March,8,2
102,8,38,March,11,2
102,8,39,March,12,2
102,8,40,March,13,1
103,8,35,March,8,2
103,8,38,March,11,2
103,8,39,March,12,2
103,8,40,March,13,2
114,11,14,February,17,2
114,11,39,March,14,2
115,7,13,February,16,2
115,7,16,February,19,2
115,7,17,February,20,2
115,7,18,February,21,2
115,7,19,February,22,2
115,7,24,February,27,2
115,7,26,March,1,2
115,7,27,March,2,2
115,7,28,March,3,2
115,7,30,March,5,2
116,12,26,March,1,2
116,12,27,March,2,2
116,12,28,March,3,2
121,11,11,February,15,2
121,11,12,February,16,2
121,11,16,February,20,2
121,11,17,February,21,2
121,11,18,February,22,2
121,11,23,February,27,2
121,11,25,March,1,2
122,7,30,March,6,2
127,11,12,February,16,2
127,11,15,February,19,2
127,11,29,March,5,2
127,11,30,March,6,2
127,11,32,March,8,2
127,11,35,March,11,2
127,11,36,March,12,2
127,11,37,March,13,2
127,11,38,March,14,2
127,11,39,March,15,2
129,8,23,February,27,2
129,8,26,March,2,2
132,7,27,March,3,2
139,7,39,March,15,2
10,11,11,January,31,3
10,11,12,February,1,3
10,11,18,February,7,3
10,11,19,February,8,3
10,11,20,February,9,3
15,8,12,February,1,3
15,8,13,February,2,3
15,8,14,February,3,3
15,8,16,February,5,3
18,7,10,January,31,3
18,7,11,February,1,3
18,7,12,February,2,3
18,7,13,February,3,3
18,7,15,February,5,3
23,11,7,January,31,3
23,11,8,February,1,3
24,7,8,February,1,3
24,7,9,February,2,3
24,7,10,February,3,3
24,7,12,February,5,3
24,7,13,February,6,3
24,7,14,February,7,3
24,7,15,February,8,3
24,7,16,February,9,3
24,7,17,February,10,3
24,7,19,February,12,3
24,7,20,February,13,3
24,7,21,February,14,3
24,7,22,February,15,3
24,7,23,February,16,3
24,7,24,February,17,3
24,7,25,February,18,3
24,7,26,February,19,3
24,7,34,February,27,3
24,7,37,March,2,3
28,12,8,February,1,3
28,12,9,February,2,3
28,12,10,February,3,3
28,12,12,February,5,3
28,12,13,February,6,3
28,12,14,February,7,3
28,12,15,February,8,3
28,12,16,February,9,3
28,12,17,February,10,3
28,12,19,February,12,3
37,12,7,January,31,3
37,12,9,February,2,3
37,12,10,February,3,3
39,8,12,February,5,3
39,8,13,February,6,3
39,8,14,February,7,3
39,8,15,February,8,3
39,8,16,February,9,3
40,8,12,February,5,3
40,8,13,February,6,3
40,8,14,February,7,3
40,8,15,February,8,3
40,8,16,February,9,3
40,8,17,February,10,3
40,8,19,February,12,3
40,8,21,February,14,3
44,11,16,February,12,3
44,11,17,February,13,3
44,11,18,February,14,3
44,11,19,February,15,3
56,12,9,February,5,3
56,12,10,February,6,3
56,12,11,February,7,3
56,12,12,February,8,3
56,12,16,February,12,3
56,12,17,February,13,3
56,12,18,February,14,3
56,12,19,February,15,3
56,12,20,February,16,3
56,12,21,February,17,3
59,7,9,February,5,3
59,7,10,February,6,3
59,7,11,February,7,3
59,7,12,February,8,3
59,7,13,February,9,3
59,7,14,February,10,3
59,7,16,February,12,3
59,7,17,February,13,3
59,7,18,February,14,3
59,7,19,February,15,3
59,7,20,February,16,3
59,7,22,February,18,3
59,7,23,February,19,3
59,7,24,February,20,3
59,7,25,February,21,3
59,7,26,February,22,3
59,7,28,February,24,3
59,7,30,February,26,3
59,7,31,February,27,3
59,7,33,March,1,3
59,7,34,March,2,3
59,7,35,March,3,3
59,7,37,March,5,3
59,7,38,March,6,3
59,7,39,March,7,3
64,7,9,February,7,3
64,7,10,February,8,3
67,12,7,February,5,3
67,12,8,February,6,3
67,12,9,February,7,3
67,12,10,February,8,3
76,8,15,February,13,3
76,8,16,February,14,3
76,8,17,February,15,3
76,8,35,March,5,3
77,8,7,February,5,3
77,8,8,February,6,3
77,8,11,February,9,3
77,8,14,February,12,3
77,8,15,February,13,3
77,8,16,February,14,3
77,8,17,February,15,3
77,8,18,February,16,3
77,8,19,February,17,3
78,12,26,February,24,3
78,12,36,March,6,3
78,12,37,March,7,3
78,12,38,March,8,3
78,12,39,March,9,3
83,11,11,February,12,3
83,11,12,February,13,3
83,11,13,February,14,3
83,11,14,February,15,3
83,11,15,February,16,3
84,11,19,February,20,3
85,8,11,February,12,3
85,8,14,February,15,3
85,8,15,February,16,3
86,7,12,February,13,3
86,7,15,February,16,3
86,7,16,February,17,3
86,7,18,February,19,3
86,7,20,February,21,3
86,7,23,February,24,3
87,11,5,February,6,3
87,11,7,February,8,3
87,11,8,February,9,3
87,11,9,February,10,3
87,11,11,February,12,3
87,11,12,February,13,3
87,11,13,February,14,3
87,11,14,February,15,3
90,12,13,February,14,3
90,12,16,February,17,3
90,12,17,February,18,3
90,12,18,February,19,3
91,8,4,February,5,3
91,8,18,February,19,3
91,8,19,February,20,3
91,8,20,February,21,3
91,8,23,February,24,3
91,8,29,March,2,3
91,8,30,March,3,3
91,8,32,March,5,3
91,8,33,March,6,3
91,8,34,March,7,3
91,8,35,March,8,3
91,8,38,March,11,3
91,8,39,March,12,3
91,8,40,March,13,3
102,8,4,February,5,3
102,8,5,February,6,3
102,8,26,February,27,3
102,8,30,March,3,3
103,8,14,February,15,3
103,8,15,February,16,3
103,8,16,February,17,3
103,8,17,February,18,3
103,8,18,February,19,3
103,8,19,February,20,3
103,8,20,February,21,3
103,8,21,February,22,3
103,8,23,February,24,3
103,8,26,February,27,3
103,8,28,March ,1,3
103,8,29,March,2,3
103,8,30,March,3,3
103,8,32,March,5,3
103,8,33,March,6,3
103,8,34,March,7,3
113,12,18,February,21,3
113,12,19,February,22,3
113,12,25,February,28,3
113,12,26,March ,1,3
113,12,27,March,2,3
113,12,28,March,3,3
113,12,30,March,5,3
113,12,31,March,6,3
113,12,32,March,7,3
113,12,33,March,8,3
113,12,36,March,11,3
113,12,37,March,12,3
113,12,38,March,13,3
113,12,39,March,14,3
114,11,17,February,20,3
114,11,18,February,21,3
114,11,19,February,22,3
114,11,24,February,27,3
114,11,25,February,28,3
114,11,26,March ,1,3
114,11,27,March,2,3
114,11,28,March,3,3
114,11,30,March,5,3
114,11,31,March,6,3
114,11,33,March,8,3
114,11,36,March,11,3
114,11,37,March,12,3
114,11,38,March,13,3
115,7,12,February,15,3
115,7,14,February,17,3
115,7,15,February,18,3
115,7,21,February,24,3
116,12,7,February,10,3
116,12,9,February,12,3
116,12,10,February,13,3
116,12,12,February,15,3
116,12,13,February,16,3
116,12,14,February,17,3
116,12,15,February,18,3
116,12,16,February,19,3
116,12,17,February,20,3
116,12,18,February,21,3
116,12,19,February,22,3
116,12,21,February,24,3
116,12,24,February,27,3
121,11,3,February,7,3
121,11,4,February,8,3
121,11,9,February,13,3
121,11,13,February,17,3
121,11,14,February,18,3
121,11,15,February,19,3
121,11,20,February,24,3
122,7,13,February,17,3
122,7,25,March,1,3
122,7,26,March,2,3
122,7,27,March,3,3
122,7,29,March,5,3
122,7,32,March,8,3
122,7,35,March,11,3
122,7,36,March,12,3
122,7,38,March,14,3
122,7,39,March,15,3
127,11,11,February,15,3
127,11,13,February,17,3
127,11,14,February,18,3
127,11,16,February,20,3
127,11,17,February,21,3
127,11,20,February,24,3
127,11,23,February,27,3
127,11,25,March,1,3
127,11,26,March,2,3
127,11,27,March,3,3
128,12,11,February,15,3
128,12,16,February,20,3
128,12,30,March,6,3
128,12,32,March,8,3
129,8,8,February,12,3
129,8,11,February,15,3
129,8,12,February,16,3
129,8,13,February,17,3
129,8,14,February,18,3
129,8,15,February,19,3
129,8,16,February,20,3
129,8,17,February,21,3
129,8,18,February,22,3
129,8,20,February,24,3
129,8,25,March,1,3
129,8,27,March,3,3
129,8,29,March,5,3
129,8,30,March,6,3
129,8,32,March,8,3
132,7,11,February,15,3
132,7,13,February,17,3
132,7,14,February,18,3
132,7,15,February,19,3
132,7,20,February,24,3
139,7,11,February,15,3
139,7,12,February,16,3
139,7,13,February,17,3
139,7,14,February,18,3
139,7,15,February,19,3
139,7,16,February,20,3
139,7,17,February,21,3
139,7,18,February,22,3
139,7,20,February,24,3
139,7,23,February,27,3
139,7,25,March,1,3
139,7,26,March,2,3
139,7,27,March,3,3
139,7,29,March,5,3
139,7,30,March,6,3
139,7,32,March,8,3
139,7,35,March,11,3
139,7,36,March,12,3
139,7,37,March,13,3
139,7,38,March,14,3
5,11,1,January,21,4
5,11,11,January,31,4
5,11,12,January,1,4
5,11,13,February,2,4
5,11,14,February,3,4
5,11,16,February,5,4
9,12,1,January,21,4
9,12,11,January,31,4
9,12,12,February,1,4
9,12,13,February,2,4
9,12,16,February,5,4
10,11,1,January,21,4
10,11,13,February,2,4
10,11,16,February,5,4
15,8,1,January,21,4
18,7,1,January,22,4
23,11,1,January,25,4
24,7,1,January,25,4
24,7,7,January,31,4
24,7,27,February,20,4
24,7,28,February,21,4
24,7,29,February,22,4
28,12,1,January,25,4
34,7,1,January,25,4
34,7,7,January,31,4
37,12,1,January,25,4
39,8,1,January,25,4
39,8,7,January,31,4
39,8,8,February,1,4
39,8,9,February,2,4
39,8,10,February,3,4
40,8,1,January,25,4
40,8,7,January,31,4
40,8,8,February,1,4
40,8,9,February,2,4
40,8,10,February,3,4
44,11,1,January,28,4
44,11,4,January,31,4
44,11,5,February,1,4
44,11,6,February,2,4
44,11,7,February,3,4
44,11,14,February,10,4
56,12,1,January,28,4
56,12,4,January,31,4
56,12,13,February,9,4
56,12,14,February,10,4
59,7,1,January,28,4
59,7,4,January,31,4
59,7,5,February,1,4
59,7,6,February,2,4
59,7,7,February,3,4
64,7,1,January,30,4
64,7,2,January,31,4
64,7,3,February,1,4
64,7,4,February,2,4
64,7,7,February,5,4
64,7,8,February,6,4
64,7,11,February,9,4
64,7,12,February,10,4
64,7,14,February,12,4
64,7,15,February,13,4
64,7,16,February,14,4
64,7,17,February,15,4
64,7,18,February,16,4
64,7,19,February,17,4
64,7,20,February,18,4
64,7,21,February,19,4
64,7,22,February,20,4
64,7,23,February,21,4
64,7,24,February,22,4
64,7,26,February,24,4
64,7,28,February,26,4
64,7,29,February,27,4
64,7,31,March,1,4
64,7,32,March ,2,4
64,7,33,March,3,4
64,7,35,March,5,4
67,12,1,January ,30,4
67,12,2,January ,31,4
67,12,3,February,1,4
67,12,4,February,2,4
67,12,5,February,3,4
76,8,1,January,30,4
76,8,2,January,31,4
76,8,3,February,1,4
76,8,4,February,2,4
76,8,7,February,5,4
76,8,8,February,6,4
76,8,9,February,7,4
76,8,10,February,8,4
76,8,11,February,9,4
76,8,12,February,10,4
76,8,14,February,12,4
77,8,1,January,30,4
77,8,2,January,31,4
77,8,3,February,1,4
77,8,4,February,2,4
78,12,1,January,30,4
78,12,2,January,31,4
78,12,3,February,1,4
78,12,4,February,2,4
78,12,7,February,5,4
78,12,8,February,6,4
78,12,9,February,7,4
78,12,10,February,8,4
78,12,11,February,9,4
78,12,12,February,10,4
78,12,14,February,12,4
78,12,15,February,13,4
78,12,16,February,14,4
78,12,17,February,15,4
78,12,18,February,16,4
78,12,19,February,17,4
78,12,20,February,18,4
78,12,21,February,19,4
78,12,23,February,21,4
78,12,24,February,22,4
78,12,28,February,26,4
78,12,29,February,27,4
78,12,30,February,28,4
78,12,31,March ,1,4
78,12,32,March,2,4
78,12,33,March,3,4
78,12,35,March,5,4
83,11,1,February,2,4
83,11,4,February,5,4
83,11,5,February,6,4
83,11,6,February,7,4
83,11,7,February,8,4
83,11,8,February,9,4
83,11,9,February,10,4
84,11,1,February,2,4
84,11,4,February,5,4
84,11,5,February,6,4
84,11,6,February,7,4
84,11,7,February,8,4
84,11,8,February,9,4
84,11,9,February,10,4
84,11,11,February,12,4
84,11,12,February,13,4
84,11,13,February,14,4
84,11,14,February,15,4
84,11,15,February,16,4
84,11,16,February,17,4
84,11,17,February,18,4
84,11,18,February,19,4
85,8,1,February,2,4
85,8,4,February,5,4
85,8,5,February,6,4
85,8,6,February,7,4
85,8,7,February,8,4
85,8,8,February,9,4
85,8,9,February,10,4
86,7,1,February,2,4
86,7,4,February,5,4
86,7,5,February,6,4
86,7,6,February,7,4
86,7,7,February,8,4
86,7,8,February,9,4
86,7,9,February,10,4
86,7,11,February,12,4
86,7,13,February,14,4
86,7,14,February,15,4
86,7,17,February,18,4
86,7,19,February,20,4
86,7,21,February,22,4
87,11,1,February,2,4
87,11,4,February,5,4
90,12,1,February,2,4
90,12,4,February,5,4
90,12,5,February,6,4
90,12,6,February,7,4
90,12,7,February,8,4
90,12,8,February,9,4
90,12,9,February,10,4
90,12,11,February,12,4
90,12,12,February,13,4
91,8,1,February,2,4
91,8,5,February,6,4
91,8,6,February,7,4
91,8,7,February,8,4
91,8,8,February,9,4
91,8,9,February,10,4
91,8,11,February,12,4
91,8,12,February,13,4
91,8,13,February,14,4
91,8,14,February,15,4
91,8,15,February,16,4
91,8,16,February,17,4
91,8,17,February,18,4
102,8,1,February,2,4
102,8,6,February,7,4
102,8,8,February,9,4
102,8,9,February,10,4
102,8,11,February,12,4
102,8,12,February,13,4
102,8,13,February,14,4
102,8,14,February,15,4
102,8,15,February,16,4
102,8,16,February,17,4
102,8,17,February,18,4
102,8,18,February,19,4
102,8,19,February,20,4
102,8,20,February,21,4
102,8,21,February,22,4
102,8,23,February,24,4
102,8,28,March ,1,4
102,8,29,March,2,4
103,8,1,February,2,4
103,8,4,February,5,4
103,8,5,February,6,4
103,8,6,February,7,4
103,8,7,February,8,4
103,8,8,February,9,4
103,8,9,February,10,4
103,8,11,February,12,4
103,8,12,February,13,4
103,8,13,February,14,4
113,12,1,February,4,4
113,12,2,February,5,4
113,12,3,February,6,4
113,12,4,February,7,4
113,12,5,February,8,4
113,12,6,February,9,4
113,12,7,February,10,4
113,12,9,February,12,4
113,12,10,February,13,4
113,12,11,February,14,4
113,12,12,February,15,4
113,12,13,February,16,4
113,12,14,February,17,4
113,12,15,February,18,4
113,12,16,February,19,4
113,12,17,February,20,4
113,12,21,February,24,4
113,12,24,February,27,4
114,11,1,February,4,4
114,11,2,February,5,4
114,11,3,February,6,4
114,11,4,February,7,4
114,11,5,February,8,4
114,11,6,February,9,4
114,11,7,February,10,4
114,11,9,February,12,4
114,11,10,February,13,4
114,11,12,February,15,4
114,11,13,February,16,4
114,11,15,February,18,4
114,11,16,February,19,4
114,11,21,February,24,4
115,7,1,February,4,4
115,7,2,February,5,4
115,7,3,February,6,4
115,7,4,February,7,4
115,7,5,February,8,4
115,7,6,February,9,4
115,7,7,February,10,4
115,7,9,February,12,4
115,7,10,February,13,4
116,12,1,February,4,4
116,12,2,February,5,4
116,12,3,February,6,4
116,12,6,February,9,4
121,11,1,February,5,4
121,11,2,February,6,4
121,11,5,February,9,4
121,11,6,February,10,4
121,11,8,February,12,4
122,7,1,February,5,4
122,7,2,February,6,4
122,7,3,February,7,4
122,7,4,February,8,4
122,7,5,February,9,4
122,7,6,February,10,4
122,7,8,February,12,4
122,7,9,February,13,4
122,7,11,February,15,4
122,7,12,February,16,4
122,7,14,February,18,4
122,7,15,February,19,4
122,7,16,February,20,4
122,7,17,February,21,4
122,7,18,February,22,4
122,7,20,February,24,4
122,7,23,February,27,4
127,11,1,February,5,4
127,11,2,February,6,4
127,11,3,February,7,4
127,11,4,February,8,4
127,11,5,February,9,4
127,11,6,February,10,4
127,11,8,February,12,4
127,11,9,February,13,4
128,12,1,February,5,4
128,12,2,February,6,4
128,12,3,February,7,4
128,12,4,February,8,4
128,12,5,February,9,4
128,12,6,February,10,4
128,12,8,February,12,4
128,12,9,February,13,4
128,12,12,February,16,4
128,12,13,February,17,4
128,12,14,February,18,4
128,12,15,February,19,4
128,12,17,February,21,4
128,12,18,February,22,4
128,12,20,February,24,4
128,12,23,February,27,4
128,12,25,March,1,4
128,12,26,March,2,4
128,12,27,March,3,4
128,12,29,March,5,4
128,12,35,March,11,4
128,12,36,March,12,4
128,12,37,March,13,4
128,12,38,March,14,4
128,12,39,March,15,4
129,8,1,February,5,4
129,8,2,February,6,4
129,8,3,February,7,4
129,8,4,February,8,4
129,8,5,February,9,4
129,8,6,February,10,4
129,8,9,February,13,4
132,7,1,February,5,4
132,7,2,February,6,4
132,7,3,February,7,4
132,7,4,February,8,4
132,7,5,February,9,4
132,7,6,February,10,4
132,7,8,February,12,4
132,7,9,February,13,4
132,7,12,February,16,4
132,7,16,February,20,4
132,7,17,February,21,4
132,7,18,February,22,4
139,7,1,February,5,4
139,7,2,February,6,4
139,7,3,February,7,4
139,7,4,February,8,4
139,7,5,February,9,4
139,7,6,February,10,4
139,7,8,February,12,4
44,11,9,February,5,5
44,11,10,February,6,5
44,11,11,February,7,5
44,11,12,February,8,5
44,11,13,February,9,5
102,8,7,February,8,5
116,12,4,February,7,5
116,12,5,February,8,5
78,12,22,February,20,7
67,12,23,February,21,
67,12,22,February,20,
5,11,2,January,22,NA
5,11,3,January,23,NA
5,11,4,January,24,NA
5,11,5,January,25,NA
5,11,6,January,26,NA
5,11,7,January,27,NA
5,11,8,January,28,NA
5,11,9,January,29,NA
5,11,10,January,30,NA
5,11,15,February,4,NA
5,11,22,February,11,NA
5,11,34,February,23,NA
9,12,2,January,22,NA
9,12,3,January,23,NA
9,12,4,January,24,NA
9,12,5,January,25,NA
9,12,6,January,26,NA
9,12,7,January,27,NA
9,12,8,January,28,NA
9,12,9,January,29,NA
9,12,10,January,30,NA
9,12,14,February,3,NA
9,12,15,February,4,NA
9,12,22,February,11,NA
9,12,36,February,25,NA
10,11,2,January,22,NA
10,11,3,January,23,NA
10,11,4,January,24,NA
10,11,5,January,25,NA
10,11,6,January,26,NA
10,11,7,January,27,NA
10,11,8,January,28,NA
10,11,9,January,29,NA
10,11,10,January,30,NA
10,11,14,February,3,NA
10,11,15,February,4,NA
10,11,21,February,10,NA
10,11,22,February,11,NA
10,11,34,February,23,NA
10,11,35,February,24,NA
10,11,36,February,25,NA
10,11,39,February,28,NA
15,8,2,January,22,NA
15,8,3,January,23,NA
15,8,4,January,24,NA
15,8,5,January,25,NA
15,8,6,January,26,NA
15,8,7,January,27,NA
15,8,8,January,28,NA
15,8,9,January,29,NA
15,8,10,January,30,NA
15,8,11,January,31,NA
15,8,15,February,4,NA
18,7,2,January,23,NA
18,7,3,January,24,NA
18,7,4,January,25,NA
18,7,5,January,26,NA
18,7,6,January,27,NA
18,7,7,January,28,NA
18,7,8,January,29,NA
18,7,9,January,30,NA
18,7,14,February,4,NA
18,7,21,February,11,NA
18,7,28,February,18,NA
18,7,33,February,23,NA
18,7,38,February,28,NA
23,11,2,January,26,NA
23,11,3,January,27,NA
23,11,4,January,28,NA
23,11,5,January,29,NA
23,11,6,January,30,NA
23,11,11,February,4,NA
23,11,18,February,11,NA
23,11,23,February,16,NA
23,11,30,February,23,NA
23,11,32,February,25,NA
23,11,35,February,28,NA
23,11,36,March,1,NA
23,11,39,March,4,NA
24,7,2,January,26,NA
24,7,3,January,27,NA
24,7,4,January,28,NA
24,7,5,January,29,NA
24,7,6,January,30,NA
24,7,11,February,4,NA
24,7,18,February,11,NA
24,7,30,February,23,NA
24,7,32,February,25,NA
24,7,35,February,28,NA
24,7,36,March,1,NA
24,7,39,March,4,NA
28,12,2,January,26,NA
28,12,3,January,27,NA
28,12,4,January,28,NA
28,12,5,January,29,NA
28,12,6,January,30,NA
28,12,7,January,31,NA
28,12,11,February,4,NA
28,12,18,February,11,NA
28,12,30,February,23,NA
28,12,32,February,25,NA
28,12,35,February,28,NA
28,12,39,March,4,NA
34,7,2,January,26,NA
34,7,3,January,27,NA
34,7,4,January,28,NA
34,7,5,January,29,NA
34,7,6,January,30,NA
34,7,11,February,4,NA
34,7,18,February,11,NA
34,7,30,February,23,NA
34,7,32,February,25,NA
34,7,35,February,28,NA
34,7,39,March,4,NA
37,12,2,January,26,NA
37,12,3,January,27,NA
37,12,4,January,28,NA
37,12,5,January,29,NA
37,12,6,January,30,NA
37,12,11,February,4,NA
37,12,18,February,11,NA
37,12,30,February,23,NA
37,12,32,February,25,NA
37,12,35,February,28,NA
37,12,39,March,4,NA
39,8,2,January,26,NA
39,8,3,January,27,NA
39,8,4,January,28,NA
39,8,5,January,29,NA
39,8,6,January,30,NA
39,8,11,February,4,NA
39,8,18,February,11,NA
39,8,31,February,24,NA
39,8,33,February,26,NA
39,8,39,March,4,NA
40,8,2,January,26,NA
40,8,3,January,27,NA
40,8,4,January,28,NA
40,8,5,January,29,NA
40,8,6,January,30,NA
40,8,11,February,4,NA
40,8,18,February,11,NA
40,8,30,February,23,NA
40,8,32,February,25,NA
40,8,35,February,28,NA
40,8,39,March,4,NA
44,11,2,January,29,NA
44,11,3,January,30,NA
44,11,8,February,4,NA
44,11,15,February,11,NA
44,11,23,February,19,NA
44,11,27,February,23,NA
44,11,29,February,25,NA
44,11,32,February,28,NA
44,11,36,March,4,NA
56,12,2,January,29,NA
56,12,3,January,30,NA
56,12,8,February,4,NA
56,12,15,February,11,NA
56,12,27,February,23,NA
56,12,32,February,28,NA
56,12,36,March,4,NA
59,7,2,January,29,NA
59,7,3,January,30,NA
59,7,8,February,4,NA
59,7,15,February,11,NA
59,7,27,February,23,NA
59,7,29,February,25,NA
59,7,32,February,28,NA
59,7,36,March,4,NA
64,7,5,February,3,NA
64,7,6,February,4,NA
64,7,13,February,11,NA
64,7,25,February,23,NA
64,7,27,February,25,NA
64,7,30,February,28,NA
64,7,34,March,4,NA
67,12,6,February,4,NA
67,12,13,February,11,NA
67,12,27,February,25,NA
67,12,30,February,28,NA
67,12,34,March,4,NA
67,12,35,March,5,NA
76,8,5,February,3,NA
76,8,6,February,4,NA
76,8,13,February,11,NA
76,8,25,February,23,NA
76,8,27,February,25,NA
76,8,30,February,28,NA
76,8,34,March,4,NA
77,8,5,February,3,NA
77,8,6,February,4,NA
77,8,13,February,11,NA
77,8,20,February,18,NA
77,8,25,February,23,NA
77,8,27,February,25,NA
77,8,30,February,28,NA
77,8,34,March,4,NA
78,12,5,February,3,NA
78,12,6,February,4,NA
78,12,13,February,11,NA
78,12,25,February,23,NA
78,12,27,February,25,NA
78,12,34,March,4,NA
83,11,2,February ,3,NA
83,11,3,February,4,NA
83,11,10,February,11,NA
83,11,22,February,23,NA
83,11,24,February,25,NA
83,11,27,February,28,NA
83,11,31,March,4,NA
83,11,36,March,9,NA
83,11,37,March,10,NA
84,11,2,February,3,NA
84,11,3,February,4,NA
84,11,10,February,11,NA
84,11,22,February,23,NA
84,11,24,February,25,NA
84,11,27,February,28,NA
84,11,36,March,9,NA
84,11,37,March,10,NA
85,8,2,February,3,NA
85,8,3,February,4,NA
85,8,10,February,11,NA
85,8,19,February,20,NA
85,8,22,February,23,NA
85,8,23,February,24,NA
85,8,24,February,25,NA
85,8,27,February,28,NA
85,8,31,March,4,NA
85,8,36,March,9,NA
85,8,37,March,10,NA
86,7,2,February,3,NA
86,7,3,February,4,NA
86,7,10,February,11,NA
86,7,22,February,23,NA
86,7,24,February,25,NA
86,7,27,February,28,NA
86,7,31,March,4,NA
86,7,36,March,9,NA
86,7,37,March,10,NA
87,11,2,February,3,NA
87,11,3,February,4,NA
87,11,10,February,11,NA
87,11,15,February,16,NA
87,11,24,February,25,NA
87,11,25,February,26,NA
87,11,27,February,28,NA
87,11,31,March,4,NA
87,11,36,March,9,NA
87,11,37,March,10,NA
90,12,2,February,3,NA
90,12,3,February,4,NA
90,12,10,February,11,NA
90,12,22,February,23,NA
90,12,24,February,25,NA
90,12,25,February,26,NA
90,12,27,February,28,NA
90,12,31,March,4,NA
90,12,36,March,9,NA
90,12,37,March,10,NA
91,8,2,February,3,NA
91,8,3,February,4,NA
91,8,10,February,11,NA
91,8,21,February,22,NA
91,8,22,February,23,NA
91,8,24,February,25,NA
91,8,25,February,26,NA
91,8,27,February,28,NA
91,8,31,March,4,NA
91,8,36,March,9,NA
91,8,37,March,10,NA
102,8,2,February,3,NA
102,8,3,February,4,NA
102,8,10,February,11,NA
102,8,22,February,23,NA
102,8,24,February,25,NA
102,8,25,February,26,NA
102,8,27,February,28,NA
102,8,31,March,4,NA
102,8,36,March,9,NA
102,8,37,March,10,NA
103,8,2,February,3,NA
103,8,3,February,4,NA
103,8,10,February,11,NA
103,8,22,February,23,NA
103,8,24,February,25,NA
103,8,25,February,26,NA
103,8,27,February,28,NA
103,8,31,March,4,NA
103,8,36,March,9,NA
103,8,37,March,10,NA
113,12,8,February,11,NA
113,12,20,February,23,NA
113,12,22,February,25,NA
113,12,23,February,26,NA
113,12,29,March,4,NA
113,12,34,March,9,NA
113,12,35,March,10,NA
114,11,8,February,11,NA
114,11,11,February,14,NA
114,11,20,February,23,NA
114,11,22,February,25,NA
114,11,23,February,26,NA
114,11,29,March,4,NA
114,11,32,March,7,NA
114,11,34,March,9,NA
114,11,35,March,10,NA
115,7,8,February,11,NA
115,7,11,February,14,NA
115,7,20,February,23,NA
115,7,22,February,25,1
115,7,23,February,26,NA
115,7,25,February,28,NA
115,7,29,March,4,NA
115,7,32,March,7,NA
115,7,34,March,9,NA
115,7,35,March,10,NA
116,12,8,February,11,NA
116,12,11,February,14,NA
116,12,20,February,23,NA
116,12,22,February,25,NA
116,12,23,February,26,NA
116,12,25,February,28,NA
116,12,29,March,4,NA
116,12,32,March,7,NA
116,12,34,March,9,NA
116,12,35,March,10,NA
121,11,7,February,11,NA
121,11,10,February,14,NA
121,11,19,February,23,NA
121,11,21,February,25,NA
121,11,22,February,26,NA
121,11,24,February,28,NA
121,11,28,March,4,NA
121,11,31,March,7,NA
121,11,33,March,9,NA
121,11,34,March,10,NA
122,7,7,February,11,NA
122,7,10,February,14,NA
122,7,19,February,23,NA
122,7,21,February,25,NA
122,7,22,February,26,NA
122,7,24,February,28,NA
122,7,28,March,4,NA
122,7,31,March,7,NA
122,7,33,March,9,NA
122,7,34,March,10,NA
122,7,37,March,13,NA
127,11,7,February,11,NA
127,11,10,February,14,NA
127,11,18,February,22,NA
127,11,19,February,23,NA
127,11,21,February,25,NA
127,11,22,February,26,NA
127,11,24,February,28,NA
127,11,28,March,4,NA
127,11,31,March,7,NA
127,11,33,March,9,NA
127,11,34,March,10,NA
128,12,7,February,11,NA
128,12,10,February,14,NA
128,12,19,February,23,NA
128,12,21,February,25,NA
128,12,22,February,26,NA
128,12,24,February,28,NA
128,12,28,March,4,NA
128,12,31,March,7,NA
128,12,33,March,9,NA
128,12,34,March,10,NA
129,8,7,February,11,NA
129,8,10,February,14,NA
129,8,19,February,23,NA
129,8,21,February,25,NA
129,8,22,February,26,NA
129,8,24,February,28,NA
129,8,28,March,4,NA
129,8,31,March,7,NA
129,8,33,March,9,NA
129,8,34,March,10,NA
132,7,7,February,11,NA
132,7,10,February,14,NA
132,7,19,February,23,NA
132,7,21,February,25,NA
132,7,22,February,26,NA
132,7,24,February,28,NA
132,7,28,March,4,NA
132,7,31,March,7,NA
132,7,33,March,9,NA
132,7,34,March,10,NA
139,7,7,February,11,NA
139,7,9,February,13,NA
139,7,10,February,14,NA
139,7,19,February,23,NA
139,7,21,February,25,NA
139,7,22,February,26,NA
139,7,24,February,28,NA
139,7,28,March,4,NA
139,7,31,March,7,NA
139,7,33,March,9,NA
139,7,34,March,10,NA
